metric_name,timestamp,metric_value,check,error,error_code,expected_response,group,method,name,proto,scenario,service,status,subproto,tls_version,url,extra_tags,metadata
http_reqs,1716114451,1.000000,,,,true,,POST,http://localhost:8000/answer/,HTTP/1.1,default,,302,,,http://localhost:8000/answer/,,
http_req_duration,1716114451,995.276593,,,,true,,POST,http://localhost:8000/answer/,HTTP/1.1,default,,302,,,http://localhost:8000/answer/,,
http_req_blocked,1716114451,1.088497,,,,true,,POST,http://localhost:8000/answer/,HTTP/1.1,default,,302,,,http://localhost:8000/answer/,,
http_req_connecting,1716114451,1.002795,,,,true,,POST,http://localhost:8000/answer/,HTTP/1.1,default,,302,,,http://localhost:8000/answer/,,
http_req_tls_handshaking,1716114451,0.000000,,,,true,,POST,http://localhost:8000/answer/,HTTP/1.1,default,,302,,,http://localhost:8000/answer/,,
http_req_sending,1716114451,0.151426,,,,true,,POST,http://localhost:8000/answer/,HTTP/1.1,default,,302,,,http://localhost:8000/answer/,,
http_req_waiting,1716114451,994.974922,,,,true,,POST,http://localhost:8000/answer/,HTTP/1.1,default,,302,,,http://localhost:8000/answer/,,
http_req_receiving,1716114451,0.150245,,,,true,,POST,http://localhost:8000/answer/,HTTP/1.1,default,,302,,,http://localhost:8000/answer/,,
http_req_failed,1716114451,0.000000,,,,true,,POST,http://localhost:8000/answer/,HTTP/1.1,default,,302,,,http://localhost:8000/answer/,,
checks,1716114451,1.000000,is status 302,,,,,,,,default,,,,,,,
vus,1716114451,1.000000,,,,,,,,,,,,,,,,
vus_max,1716114451,1.000000,,,,,,,,,,,,,,,,
vus,1716114452,1.000000,,,,,,,,,,,,,,,,
vus_max,1716114452,1.000000,,,,,,,,,,,,,,,,
data_sent,1716114452,1170.000000,,,,,,,,,default,,,,,,,
data_received,1716114452,1249.000000,,,,,,,,,default,,,,,,,
iteration_duration,1716114452,2000.089689,,,,,,,,,default,,,,,,,
iterations,1716114452,1.000000,,,,,,,,,default,,,,,,,
http_reqs,1716114453,1.000000,,,,true,,POST,http://localhost:8000/answer/,HTTP/1.1,default,,302,,,http://localhost:8000/answer/,,
http_req_duration,1716114453,666.750598,,,,true,,POST,http://localhost:8000/answer/,HTTP/1.1,default,,302,,,http://localhost:8000/answer/,,
http_req_blocked,1716114453,0.007721,,,,true,,POST,http://localhost:8000/answer/,HTTP/1.1,default,,302,,,http://localhost:8000/answer/,,
http_req_connecting,1716114453,0.000000,,,,true,,POST,http://localhost:8000/answer/,HTTP/1.1,default,,302,,,http://localhost:8000/answer/,,
http_req_tls_handshaking,1716114453,0.000000,,,,true,,POST,http://localhost:8000/answer/,HTTP/1.1,default,,302,,,http://localhost:8000/answer/,,
http_req_sending,1716114453,0.090787,,,,true,,POST,http://localhost:8000/answer/,HTTP/1.1,default,,302,,,http://localhost:8000/answer/,,
http_req_waiting,1716114453,666.583695,,,,true,,POST,http://localhost:8000/answer/,HTTP/1.1,default,,302,,,http://localhost:8000/answer/,,
http_req_receiving,1716114453,0.076116,,,,true,,POST,http://localhost:8000/answer/,HTTP/1.1,default,,302,,,http://localhost:8000/answer/,,
http_req_failed,1716114453,0.000000,,,,true,,POST,http://localhost:8000/answer/,HTTP/1.1,default,,302,,,http://localhost:8000/answer/,,
checks,1716114453,1.000000,is status 302,,,,,,,,default,,,,,,,
vus,1716114453,1.000000,,,,,,,,,,,,,,,,
vus_max,1716114453,1.000000,,,,,,,,,,,,,,,,
data_sent,1716114454,1162.000000,,,,,,,,,default,,,,,,,
data_received,1716114454,1249.000000,,,,,,,,,default,,,,,,,
iteration_duration,1716114454,1672.212944,,,,,,,,,default,,,,,,,
iterations,1716114454,1.000000,,,,,,,,,default,,,,,,,
vus,1716114454,1.000000,,,,,,,,,,,,,,,,
vus_max,1716114454,1.000000,,,,,,,,,,,,,,,,
http_reqs,1716114454,1.000000,,,,true,,POST,http://localhost:8000/answer/,HTTP/1.1,default,,302,,,http://localhost:8000/answer/,,
http_req_duration,1716114454,666.818354,,,,true,,POST,http://localhost:8000/answer/,HTTP/1.1,default,,302,,,http://localhost:8000/answer/,,
http_req_blocked,1716114454,0.003956,,,,true,,POST,http://localhost:8000/answer/,HTTP/1.1,default,,302,,,http://localhost:8000/answer/,,
http_req_connecting,1716114454,0.000000,,,,true,,POST,http://localhost:8000/answer/,HTTP/1.1,default,,302,,,http://localhost:8000/answer/,,
http_req_tls_handshaking,1716114454,0.000000,,,,true,,POST,http://localhost:8000/answer/,HTTP/1.1,default,,302,,,http://localhost:8000/answer/,,
http_req_sending,1716114454,0.039570,,,,true,,POST,http://localhost:8000/answer/,HTTP/1.1,default,,302,,,http://localhost:8000/answer/,,
http_req_waiting,1716114454,666.712281,,,,true,,POST,http://localhost:8000/answer/,HTTP/1.1,default,,302,,,http://localhost:8000/answer/,,
http_req_receiving,1716114454,0.066503,,,,true,,POST,http://localhost:8000/answer/,HTTP/1.1,default,,302,,,http://localhost:8000/answer/,,
http_req_failed,1716114454,0.000000,,,,true,,POST,http://localhost:8000/answer/,HTTP/1.1,default,,302,,,http://localhost:8000/answer/,,
checks,1716114454,1.000000,is status 302,,,,,,,,default,,,,,,,
vus,1716114455,1.000000,,,,,,,,,,,,,,,,
vus_max,1716114455,1.000000,,,,,,,,,,,,,,,,
data_sent,1716114455,1170.000000,,,,,,,,,default,,,,,,,
data_received,1716114455,1249.000000,,,,,,,,,default,,,,,,,
iteration_duration,1716114455,1668.998593,,,,,,,,,default,,,,,,,
iterations,1716114455,1.000000,,,,,,,,,default,,,,,,,
vus,1716114456,1.000000,,,,,,,,,,,,,,,,
vus_max,1716114456,1.000000,,,,,,,,,,,,,,,,
http_reqs,1716114456,1.000000,,,,true,,POST,http://localhost:8000/answer/,HTTP/1.1,default,,302,,,http://localhost:8000/answer/,,
http_req_duration,1716114456,850.972516,,,,true,,POST,http://localhost:8000/answer/,HTTP/1.1,default,,302,,,http://localhost:8000/answer/,,
http_req_blocked,1716114456,0.002429,,,,true,,POST,http://localhost:8000/answer/,HTTP/1.1,default,,302,,,http://localhost:8000/answer/,,
http_req_connecting,1716114456,0.000000,,,,true,,POST,http://localhost:8000/answer/,HTTP/1.1,default,,302,,,http://localhost:8000/answer/,,
http_req_tls_handshaking,1716114456,0.000000,,,,true,,POST,http://localhost:8000/answer/,HTTP/1.1,default,,302,,,http://localhost:8000/answer/,,
http_req_sending,1716114456,0.016532,,,,true,,POST,http://localhost:8000/answer/,HTTP/1.1,default,,302,,,http://localhost:8000/answer/,,
http_req_waiting,1716114456,850.871608,,,,true,,POST,http://localhost:8000/answer/,HTTP/1.1,default,,302,,,http://localhost:8000/answer/,,
http_req_receiving,1716114456,0.084376,,,,true,,POST,http://localhost:8000/answer/,HTTP/1.1,default,,302,,,http://localhost:8000/answer/,,
http_req_failed,1716114456,0.000000,,,,true,,POST,http://localhost:8000/answer/,HTTP/1.1,default,,302,,,http://localhost:8000/answer/,,
checks,1716114456,1.000000,is status 302,,,,,,,,default,,,,,,,
vus,1716114457,1.000000,,,,,,,,,,,,,,,,
vus_max,1716114457,1.000000,,,,,,,,,,,,,,,,
data_sent,1716114457,1170.000000,,,,,,,,,default,,,,,,,
data_received,1716114457,1249.000000,,,,,,,,,default,,,,,,,
iteration_duration,1716114457,1852.090354,,,,,,,,,default,,,,,,,
iterations,1716114457,1.000000,,,,,,,,,default,,,,,,,
http_reqs,1716114458,1.000000,,,,true,,POST,http://localhost:8000/answer/,HTTP/1.1,default,,302,,,http://localhost:8000/answer/,,
http_req_duration,1716114458,600.103107,,,,true,,POST,http://localhost:8000/answer/,HTTP/1.1,default,,302,,,http://localhost:8000/answer/,,
http_req_blocked,1716114458,0.002870,,,,true,,POST,http://localhost:8000/answer/,HTTP/1.1,default,,302,,,http://localhost:8000/answer/,,
http_req_connecting,1716114458,0.000000,,,,true,,POST,http://localhost:8000/answer/,HTTP/1.1,default,,302,,,http://localhost:8000/answer/,,
http_req_tls_handshaking,1716114458,0.000000,,,,true,,POST,http://localhost:8000/answer/,HTTP/1.1,default,,302,,,http://localhost:8000/answer/,,
http_req_sending,1716114458,0.020077,,,,true,,POST,http://localhost:8000/answer/,HTTP/1.1,default,,302,,,http://localhost:8000/answer/,,
http_req_waiting,1716114458,600.007930,,,,true,,POST,http://localhost:8000/answer/,HTTP/1.1,default,,302,,,http://localhost:8000/answer/,,
http_req_receiving,1716114458,0.075100,,,,true,,POST,http://localhost:8000/answer/,HTTP/1.1,default,,302,,,http://localhost:8000/answer/,,
http_req_failed,1716114458,0.000000,,,,true,,POST,http://localhost:8000/answer/,HTTP/1.1,default,,302,,,http://localhost:8000/answer/,,
checks,1716114458,1.000000,is status 302,,,,,,,,default,,,,,,,
vus,1716114458,1.000000,,,,,,,,,,,,,,,,
vus_max,1716114458,1.000000,,,,,,,,,,,,,,,,
data_sent,1716114459,1162.000000,,,,,,,,,default,,,,,,,
data_received,1716114459,1249.000000,,,,,,,,,default,,,,,,,
iteration_duration,1716114459,1601.686193,,,,,,,,,default,,,,,,,
iterations,1716114459,1.000000,,,,,,,,,default,,,,,,,
vus,1716114459,1.000000,,,,,,,,,,,,,,,,
vus_max,1716114459,1.000000,,,,,,,,,,,,,,,,
http_reqs,1716114460,1.000000,,,,true,,POST,http://localhost:8000/answer/,HTTP/1.1,default,,302,,,http://localhost:8000/answer/,,
http_req_duration,1716114460,691.817732,,,,true,,POST,http://localhost:8000/answer/,HTTP/1.1,default,,302,,,http://localhost:8000/answer/,,
http_req_blocked,1716114460,0.008296,,,,true,,POST,http://localhost:8000/answer/,HTTP/1.1,default,,302,,,http://localhost:8000/answer/,,
http_req_connecting,1716114460,0.000000,,,,true,,POST,http://localhost:8000/answer/,HTTP/1.1,default,,302,,,http://localhost:8000/answer/,,
http_req_tls_handshaking,1716114460,0.000000,,,,true,,POST,http://localhost:8000/answer/,HTTP/1.1,default,,302,,,http://localhost:8000/answer/,,
http_req_sending,1716114460,0.056093,,,,true,,POST,http://localhost:8000/answer/,HTTP/1.1,default,,302,,,http://localhost:8000/answer/,,
http_req_waiting,1716114460,691.624506,,,,true,,POST,http://localhost:8000/answer/,HTTP/1.1,default,,302,,,http://localhost:8000/answer/,,
http_req_receiving,1716114460,0.137133,,,,true,,POST,http://localhost:8000/answer/,HTTP/1.1,default,,302,,,http://localhost:8000/answer/,,
http_req_failed,1716114460,0.000000,,,,true,,POST,http://localhost:8000/answer/,HTTP/1.1,default,,302,,,http://localhost:8000/answer/,,
checks,1716114460,1.000000,is status 302,,,,,,,,default,,,,,,,
vus,1716114460,1.000000,,,,,,,,,,,,,,,,
vus_max,1716114460,1.000000,,,,,,,,,,,,,,,,
data_sent,1716114461,1170.000000,,,,,,,,,default,,,,,,,
data_received,1716114461,1249.000000,,,,,,,,,default,,,,,,,
iteration_duration,1716114461,1696.637756,,,,,,,,,default,,,,,,,
iterations,1716114461,1.000000,,,,,,,,,default,,,,,,,
vus,1716114461,1.000000,,,,,,,,,,,,,,,,
vus_max,1716114461,1.000000,,,,,,,,,,,,,,,,
http_reqs,1716114461,1.000000,,,,true,,POST,http://localhost:8000/answer/,HTTP/1.1,default,,302,,,http://localhost:8000/answer/,,
http_req_duration,1716114461,769.129344,,,,true,,POST,http://localhost:8000/answer/,HTTP/1.1,default,,302,,,http://localhost:8000/answer/,,
http_req_blocked,1716114461,0.002509,,,,true,,POST,http://localhost:8000/answer/,HTTP/1.1,default,,302,,,http://localhost:8000/answer/,,
http_req_connecting,1716114461,0.000000,,,,true,,POST,http://localhost:8000/answer/,HTTP/1.1,default,,302,,,http://localhost:8000/answer/,,
http_req_tls_handshaking,1716114461,0.000000,,,,true,,POST,http://localhost:8000/answer/,HTTP/1.1,default,,302,,,http://localhost:8000/answer/,,
http_req_sending,1716114461,0.016587,,,,true,,POST,http://localhost:8000/answer/,HTTP/1.1,default,,302,,,http://localhost:8000/answer/,,
http_req_waiting,1716114461,769.049220,,,,true,,POST,http://localhost:8000/answer/,HTTP/1.1,default,,302,,,http://localhost:8000/answer/,,
http_req_receiving,1716114461,0.063537,,,,true,,POST,http://localhost:8000/answer/,HTTP/1.1,default,,302,,,http://localhost:8000/answer/,,
http_req_failed,1716114461,0.000000,,,,true,,POST,http://localhost:8000/answer/,HTTP/1.1,default,,302,,,http://localhost:8000/answer/,,
checks,1716114461,1.000000,is status 302,,,,,,,,default,,,,,,,
vus,1716114462,1.000000,,,,,,,,,,,,,,,,
vus_max,1716114462,1.000000,,,,,,,,,,,,,,,,
data_sent,1716114462,1170.000000,,,,,,,,,default,,,,,,,
data_received,1716114462,1249.000000,,,,,,,,,default,,,,,,,
iteration_duration,1716114462,1771.057386,,,,,,,,,default,,,,,,,
iterations,1716114462,1.000000,,,,,,,,,default,,,,,,,
http_reqs,1716114463,1.000000,,,,true,,POST,http://localhost:8000/answer/,HTTP/1.1,default,,302,,,http://localhost:8000/answer/,,
http_req_duration,1716114463,596.462961,,,,true,,POST,http://localhost:8000/answer/,HTTP/1.1,default,,302,,,http://localhost:8000/answer/,,
http_req_blocked,1716114463,0.002694,,,,true,,POST,http://localhost:8000/answer/,HTTP/1.1,default,,302,,,http://localhost:8000/answer/,,
http_req_connecting,1716114463,0.000000,,,,true,,POST,http://localhost:8000/answer/,HTTP/1.1,default,,302,,,http://localhost:8000/answer/,,
http_req_tls_handshaking,1716114463,0.000000,,,,true,,POST,http://localhost:8000/answer/,HTTP/1.1,default,,302,,,http://localhost:8000/answer/,,
http_req_sending,1716114463,0.016960,,,,true,,POST,http://localhost:8000/answer/,HTTP/1.1,default,,302,,,http://localhost:8000/answer/,,
http_req_waiting,1716114463,596.342067,,,,true,,POST,http://localhost:8000/answer/,HTTP/1.1,default,,302,,,http://localhost:8000/answer/,,
http_req_receiving,1716114463,0.103934,,,,true,,POST,http://localhost:8000/answer/,HTTP/1.1,default,,302,,,http://localhost:8000/answer/,,
http_req_failed,1716114463,0.000000,,,,true,,POST,http://localhost:8000/answer/,HTTP/1.1,default,,302,,,http://localhost:8000/answer/,,
checks,1716114463,1.000000,is status 302,,,,,,,,default,,,,,,,
vus,1716114463,1.000000,,,,,,,,,,,,,,,,
vus_max,1716114463,1.000000,,,,,,,,,,,,,,,,
data_sent,1716114464,1170.000000,,,,,,,,,default,,,,,,,
data_received,1716114464,1249.000000,,,,,,,,,default,,,,,,,
iteration_duration,1716114464,1597.892173,,,,,,,,,default,,,,,,,
iterations,1716114464,1.000000,,,,,,,,,default,,,,,,,
vus,1716114464,1.000000,,,,,,,,,,,,,,,,
vus_max,1716114464,1.000000,,,,,,,,,,,,,,,,
http_reqs,1716114465,1.000000,,,,true,,POST,http://localhost:8000/answer/,HTTP/1.1,default,,302,,,http://localhost:8000/answer/,,
http_req_duration,1716114465,737.279142,,,,true,,POST,http://localhost:8000/answer/,HTTP/1.1,default,,302,,,http://localhost:8000/answer/,,
http_req_blocked,1716114465,0.007186,,,,true,,POST,http://localhost:8000/answer/,HTTP/1.1,default,,302,,,http://localhost:8000/answer/,,
http_req_connecting,1716114465,0.000000,,,,true,,POST,http://localhost:8000/answer/,HTTP/1.1,default,,302,,,http://localhost:8000/answer/,,
http_req_tls_handshaking,1716114465,0.000000,,,,true,,POST,http://localhost:8000/answer/,HTTP/1.1,default,,302,,,http://localhost:8000/answer/,,
http_req_sending,1716114465,0.049731,,,,true,,POST,http://localhost:8000/answer/,HTTP/1.1,default,,302,,,http://localhost:8000/answer/,,
http_req_waiting,1716114465,737.125955,,,,true,,POST,http://localhost:8000/answer/,HTTP/1.1,default,,302,,,http://localhost:8000/answer/,,
http_req_receiving,1716114465,0.103456,,,,true,,POST,http://localhost:8000/answer/,HTTP/1.1,default,,302,,,http://localhost:8000/answer/,,
http_req_failed,1716114465,0.000000,,,,true,,POST,http://localhost:8000/answer/,HTTP/1.1,default,,302,,,http://localhost:8000/answer/,,
checks,1716114465,1.000000,is status 302,,,,,,,,default,,,,,,,
vus,1716114465,1.000000,,,,,,,,,,,,,,,,
vus_max,1716114465,1.000000,,,,,,,,,,,,,,,,
data_sent,1716114466,1170.000000,,,,,,,,,default,,,,,,,
data_received,1716114466,1249.000000,,,,,,,,,default,,,,,,,
iteration_duration,1716114466,1741.264479,,,,,,,,,default,,,,,,,
iterations,1716114466,1.000000,,,,,,,,,default,,,,,,,
vus,1716114466,1.000000,,,,,,,,,,,,,,,,
vus_max,1716114466,1.000000,,,,,,,,,,,,,,,,
http_reqs,1716114466,1.000000,,,,true,,POST,http://localhost:8000/answer/,HTTP/1.1,default,,302,,,http://localhost:8000/answer/,,
http_req_duration,1716114466,625.193901,,,,true,,POST,http://localhost:8000/answer/,HTTP/1.1,default,,302,,,http://localhost:8000/answer/,,
http_req_blocked,1716114466,0.002703,,,,true,,POST,http://localhost:8000/answer/,HTTP/1.1,default,,302,,,http://localhost:8000/answer/,,
http_req_connecting,1716114466,0.000000,,,,true,,POST,http://localhost:8000/answer/,HTTP/1.1,default,,302,,,http://localhost:8000/answer/,,
http_req_tls_handshaking,1716114466,0.000000,,,,true,,POST,http://localhost:8000/answer/,HTTP/1.1,default,,302,,,http://localhost:8000/answer/,,
http_req_sending,1716114466,0.017702,,,,true,,POST,http://localhost:8000/answer/,HTTP/1.1,default,,302,,,http://localhost:8000/answer/,,
http_req_waiting,1716114466,625.101520,,,,true,,POST,http://localhost:8000/answer/,HTTP/1.1,default,,302,,,http://localhost:8000/answer/,,
http_req_receiving,1716114466,0.074679,,,,true,,POST,http://localhost:8000/answer/,HTTP/1.1,default,,302,,,http://localhost:8000/answer/,,
http_req_failed,1716114466,0.000000,,,,true,,POST,http://localhost:8000/answer/,HTTP/1.1,default,,302,,,http://localhost:8000/answer/,,
checks,1716114466,1.000000,is status 302,,,,,,,,default,,,,,,,
vus,1716114467,1.000000,,,,,,,,,,,,,,,,
vus_max,1716114467,1.000000,,,,,,,,,,,,,,,,
data_sent,1716114467,1170.000000,,,,,,,,,default,,,,,,,
data_received,1716114467,1249.000000,,,,,,,,,default,,,,,,,
iteration_duration,1716114467,1626.438759,,,,,,,,,default,,,,,,,
iterations,1716114467,1.000000,,,,,,,,,default,,,,,,,
http_reqs,1716114468,1.000000,,,,true,,POST,http://localhost:8000/answer/,HTTP/1.1,default,,302,,,http://localhost:8000/answer/,,
http_req_duration,1716114468,575.159216,,,,true,,POST,http://localhost:8000/answer/,HTTP/1.1,default,,302,,,http://localhost:8000/answer/,,
http_req_blocked,1716114468,0.002965,,,,true,,POST,http://localhost:8000/answer/,HTTP/1.1,default,,302,,,http://localhost:8000/answer/,,
http_req_connecting,1716114468,0.000000,,,,true,,POST,http://localhost:8000/answer/,HTTP/1.1,default,,302,,,http://localhost:8000/answer/,,
http_req_tls_handshaking,1716114468,0.000000,,,,true,,POST,http://localhost:8000/answer/,HTTP/1.1,default,,302,,,http://localhost:8000/answer/,,
http_req_sending,1716114468,0.045361,,,,true,,POST,http://localhost:8000/answer/,HTTP/1.1,default,,302,,,http://localhost:8000/answer/,,
http_req_waiting,1716114468,575.022661,,,,true,,POST,http://localhost:8000/answer/,HTTP/1.1,default,,302,,,http://localhost:8000/answer/,,
http_req_receiving,1716114468,0.091194,,,,true,,POST,http://localhost:8000/answer/,HTTP/1.1,default,,302,,,http://localhost:8000/answer/,,
http_req_failed,1716114468,0.000000,,,,true,,POST,http://localhost:8000/answer/,HTTP/1.1,default,,302,,,http://localhost:8000/answer/,,
checks,1716114468,1.000000,is status 302,,,,,,,,default,,,,,,,
vus,1716114468,1.000000,,,,,,,,,,,,,,,,
vus_max,1716114468,1.000000,,,,,,,,,,,,,,,,
data_sent,1716114469,1170.000000,,,,,,,,,default,,,,,,,
data_received,1716114469,1249.000000,,,,,,,,,default,,,,,,,
iteration_duration,1716114469,1577.273233,,,,,,,,,default,,,,,,,
iterations,1716114469,1.000000,,,,,,,,,default,,,,,,,
vus,1716114469,1.000000,,,,,,,,,,,,,,,,
vus_max,1716114469,1.000000,,,,,,,,,,,,,,,,
http_reqs,1716114470,1.000000,,,,true,,POST,http://localhost:8000/answer/,HTTP/1.1,default,,302,,,http://localhost:8000/answer/,,
http_req_duration,1716114470,777.705590,,,,true,,POST,http://localhost:8000/answer/,HTTP/1.1,default,,302,,,http://localhost:8000/answer/,,
http_req_blocked,1716114470,0.008523,,,,true,,POST,http://localhost:8000/answer/,HTTP/1.1,default,,302,,,http://localhost:8000/answer/,,
http_req_connecting,1716114470,0.000000,,,,true,,POST,http://localhost:8000/answer/,HTTP/1.1,default,,302,,,http://localhost:8000/answer/,,
http_req_tls_handshaking,1716114470,0.000000,,,,true,,POST,http://localhost:8000/answer/,HTTP/1.1,default,,302,,,http://localhost:8000/answer/,,
http_req_sending,1716114470,0.054595,,,,true,,POST,http://localhost:8000/answer/,HTTP/1.1,default,,302,,,http://localhost:8000/answer/,,
http_req_waiting,1716114470,777.505414,,,,true,,POST,http://localhost:8000/answer/,HTTP/1.1,default,,302,,,http://localhost:8000/answer/,,
http_req_receiving,1716114470,0.145581,,,,true,,POST,http://localhost:8000/answer/,HTTP/1.1,default,,302,,,http://localhost:8000/answer/,,
http_req_failed,1716114470,0.000000,,,,true,,POST,http://localhost:8000/answer/,HTTP/1.1,default,,302,,,http://localhost:8000/answer/,,
checks,1716114470,1.000000,is status 302,,,,,,,,default,,,,,,,
vus,1716114470,1.000000,,,,,,,,,,,,,,,,
vus_max,1716114470,1.000000,,,,,,,,,,,,,,,,
data_sent,1716114471,1170.000000,,,,,,,,,default,,,,,,,
data_received,1716114471,1249.000000,,,,,,,,,default,,,,,,,
iteration_duration,1716114471,1783.356153,,,,,,,,,default,,,,,,,
iterations,1716114471,1.000000,,,,,,,,,default,,,,,,,
vus,1716114471,1.000000,,,,,,,,,,,,,,,,
vus_max,1716114471,1.000000,,,,,,,,,,,,,,,,
http_reqs,1716114472,1.000000,,,,true,,POST,http://localhost:8000/answer/,HTTP/1.1,default,,302,,,http://localhost:8000/answer/,,
http_req_duration,1716114472,971.499705,,,,true,,POST,http://localhost:8000/answer/,HTTP/1.1,default,,302,,,http://localhost:8000/answer/,,
http_req_blocked,1716114472,0.003704,,,,true,,POST,http://localhost:8000/answer/,HTTP/1.1,default,,302,,,http://localhost:8000/answer/,,
http_req_connecting,1716114472,0.000000,,,,true,,POST,http://localhost:8000/answer/,HTTP/1.1,default,,302,,,http://localhost:8000/answer/,,
http_req_tls_handshaking,1716114472,0.000000,,,,true,,POST,http://localhost:8000/answer/,HTTP/1.1,default,,302,,,http://localhost:8000/answer/,,
http_req_sending,1716114472,0.029053,,,,true,,POST,http://localhost:8000/answer/,HTTP/1.1,default,,302,,,http://localhost:8000/answer/,,
http_req_waiting,1716114472,971.392728,,,,true,,POST,http://localhost:8000/answer/,HTTP/1.1,default,,302,,,http://localhost:8000/answer/,,
http_req_receiving,1716114472,0.077924,,,,true,,POST,http://localhost:8000/answer/,HTTP/1.1,default,,302,,,http://localhost:8000/answer/,,
http_req_failed,1716114472,0.000000,,,,true,,POST,http://localhost:8000/answer/,HTTP/1.1,default,,302,,,http://localhost:8000/answer/,,
checks,1716114472,1.000000,is status 302,,,,,,,,default,,,,,,,
vus,1716114472,1.000000,,,,,,,,,,,,,,,,
vus_max,1716114472,1.000000,,,,,,,,,,,,,,,,
data_sent,1716114473,1170.000000,,,,,,,,,default,,,,,,,
data_received,1716114473,1249.000000,,,,,,,,,default,,,,,,,
iteration_duration,1716114473,1973.982689,,,,,,,,,default,,,,,,,
iterations,1716114473,1.000000,,,,,,,,,default,,,,,,,
vus,1716114473,1.000000,,,,,,,,,,,,,,,,
vus_max,1716114473,1.000000,,,,,,,,,,,,,,,,
http_reqs,1716114473,1.000000,,,,true,,POST,http://localhost:8000/answer/,HTTP/1.1,default,,302,,,http://localhost:8000/answer/,,
http_req_duration,1716114473,723.796816,,,,true,,POST,http://localhost:8000/answer/,HTTP/1.1,default,,302,,,http://localhost:8000/answer/,,
http_req_blocked,1716114473,0.003667,,,,true,,POST,http://localhost:8000/answer/,HTTP/1.1,default,,302,,,http://localhost:8000/answer/,,
http_req_connecting,1716114473,0.000000,,,,true,,POST,http://localhost:8000/answer/,HTTP/1.1,default,,302,,,http://localhost:8000/answer/,,
http_req_tls_handshaking,1716114473,0.000000,,,,true,,POST,http://localhost:8000/answer/,HTTP/1.1,default,,302,,,http://localhost:8000/answer/,,
http_req_sending,1716114473,0.025669,,,,true,,POST,http://localhost:8000/answer/,HTTP/1.1,default,,302,,,http://localhost:8000/answer/,,
http_req_waiting,1716114473,723.699880,,,,true,,POST,http://localhost:8000/answer/,HTTP/1.1,default,,302,,,http://localhost:8000/answer/,,
http_req_receiving,1716114473,0.071267,,,,true,,POST,http://localhost:8000/answer/,HTTP/1.1,default,,302,,,http://localhost:8000/answer/,,
http_req_failed,1716114473,0.000000,,,,true,,POST,http://localhost:8000/answer/,HTTP/1.1,default,,302,,,http://localhost:8000/answer/,,
checks,1716114473,1.000000,is status 302,,,,,,,,default,,,,,,,
vus,1716114474,1.000000,,,,,,,,,,,,,,,,
vus_max,1716114474,1.000000,,,,,,,,,,,,,,,,
data_sent,1716114474,1162.000000,,,,,,,,,default,,,,,,,
data_received,1716114474,1249.000000,,,,,,,,,default,,,,,,,
iteration_duration,1716114474,1725.151741,,,,,,,,,default,,,,,,,
iterations,1716114474,1.000000,,,,,,,,,default,,,,,,,
http_reqs,1716114475,1.000000,,,,true,,POST,http://localhost:8000/answer/,HTTP/1.1,default,,302,,,http://localhost:8000/answer/,,
http_req_duration,1716114475,678.792100,,,,true,,POST,http://localhost:8000/answer/,HTTP/1.1,default,,302,,,http://localhost:8000/answer/,,
http_req_blocked,1716114475,0.002549,,,,true,,POST,http://localhost:8000/answer/,HTTP/1.1,default,,302,,,http://localhost:8000/answer/,,
http_req_connecting,1716114475,0.000000,,,,true,,POST,http://localhost:8000/answer/,HTTP/1.1,default,,302,,,http://localhost:8000/answer/,,
http_req_tls_handshaking,1716114475,0.000000,,,,true,,POST,http://localhost:8000/answer/,HTTP/1.1,default,,302,,,http://localhost:8000/answer/,,
http_req_sending,1716114475,0.017111,,,,true,,POST,http://localhost:8000/answer/,HTTP/1.1,default,,302,,,http://localhost:8000/answer/,,
http_req_waiting,1716114475,678.677577,,,,true,,POST,http://localhost:8000/answer/,HTTP/1.1,default,,302,,,http://localhost:8000/answer/,,
http_req_receiving,1716114475,0.097412,,,,true,,POST,http://localhost:8000/answer/,HTTP/1.1,default,,302,,,http://localhost:8000/answer/,,
http_req_failed,1716114475,0.000000,,,,true,,POST,http://localhost:8000/answer/,HTTP/1.1,default,,302,,,http://localhost:8000/answer/,,
checks,1716114475,1.000000,is status 302,,,,,,,,default,,,,,,,
vus,1716114475,1.000000,,,,,,,,,,,,,,,,
vus_max,1716114475,1.000000,,,,,,,,,,,,,,,,
data_sent,1716114476,1170.000000,,,,,,,,,default,,,,,,,
data_received,1716114476,1249.000000,,,,,,,,,default,,,,,,,
iteration_duration,1716114476,1680.597767,,,,,,,,,default,,,,,,,
iterations,1716114476,1.000000,,,,,,,,,default,,,,,,,
vus,1716114476,1.000000,,,,,,,,,,,,,,,,
vus_max,1716114476,1.000000,,,,,,,,,,,,,,,,
http_reqs,1716114477,1.000000,,,,true,,POST,http://localhost:8000/answer/,HTTP/1.1,default,,302,,,http://localhost:8000/answer/,,
http_req_duration,1716114477,901.051412,,,,true,,POST,http://localhost:8000/answer/,HTTP/1.1,default,,302,,,http://localhost:8000/answer/,,
http_req_blocked,1716114477,0.008661,,,,true,,POST,http://localhost:8000/answer/,HTTP/1.1,default,,302,,,http://localhost:8000/answer/,,
http_req_connecting,1716114477,0.000000,,,,true,,POST,http://localhost:8000/answer/,HTTP/1.1,default,,302,,,http://localhost:8000/answer/,,
http_req_tls_handshaking,1716114477,0.000000,,,,true,,POST,http://localhost:8000/answer/,HTTP/1.1,default,,302,,,http://localhost:8000/answer/,,
http_req_sending,1716114477,0.059294,,,,true,,POST,http://localhost:8000/answer/,HTTP/1.1,default,,302,,,http://localhost:8000/answer/,,
http_req_waiting,1716114477,900.854124,,,,true,,POST,http://localhost:8000/answer/,HTTP/1.1,default,,302,,,http://localhost:8000/answer/,,
http_req_receiving,1716114477,0.137994,,,,true,,POST,http://localhost:8000/answer/,HTTP/1.1,default,,302,,,http://localhost:8000/answer/,,
http_req_failed,1716114477,0.000000,,,,true,,POST,http://localhost:8000/answer/,HTTP/1.1,default,,302,,,http://localhost:8000/answer/,,
checks,1716114477,1.000000,is status 302,,,,,,,,default,,,,,,,
vus,1716114477,1.000000,,,,,,,,,,,,,,,,
vus_max,1716114477,1.000000,,,,,,,,,,,,,,,,
data_sent,1716114478,1170.000000,,,,,,,,,default,,,,,,,
data_received,1716114478,1249.000000,,,,,,,,,default,,,,,,,
iteration_duration,1716114478,1906.681133,,,,,,,,,default,,,,,,,
iterations,1716114478,1.000000,,,,,,,,,default,,,,,,,
vus,1716114478,1.000000,,,,,,,,,,,,,,,,
vus_max,1716114478,1.000000,,,,,,,,,,,,,,,,
http_reqs,1716114479,1.000000,,,,true,,POST,http://localhost:8000/answer/,HTTP/1.1,default,,302,,,http://localhost:8000/answer/,,
http_req_duration,1716114479,661.164609,,,,true,,POST,http://localhost:8000/answer/,HTTP/1.1,default,,302,,,http://localhost:8000/answer/,,
http_req_blocked,1716114479,0.008827,,,,true,,POST,http://localhost:8000/answer/,HTTP/1.1,default,,302,,,http://localhost:8000/answer/,,
http_req_connecting,1716114479,0.000000,,,,true,,POST,http://localhost:8000/answer/,HTTP/1.1,default,,302,,,http://localhost:8000/answer/,,
http_req_tls_handshaking,1716114479,0.000000,,,,true,,POST,http://localhost:8000/answer/,HTTP/1.1,default,,302,,,http://localhost:8000/answer/,,
http_req_sending,1716114479,0.077817,,,,true,,POST,http://localhost:8000/answer/,HTTP/1.1,default,,302,,,http://localhost:8000/answer/,,
http_req_waiting,1716114479,661.013817,,,,true,,POST,http://localhost:8000/answer/,HTTP/1.1,default,,302,,,http://localhost:8000/answer/,,
http_req_receiving,1716114479,0.072975,,,,true,,POST,http://localhost:8000/answer/,HTTP/1.1,default,,302,,,http://localhost:8000/answer/,,
http_req_failed,1716114479,0.000000,,,,true,,POST,http://localhost:8000/answer/,HTTP/1.1,default,,302,,,http://localhost:8000/answer/,,
checks,1716114479,1.000000,is status 302,,,,,,,,default,,,,,,,
vus,1716114479,1.000000,,,,,,,,,,,,,,,,
vus_max,1716114479,1.000000,,,,,,,,,,,,,,,,
data_sent,1716114480,1170.000000,,,,,,,,,default,,,,,,,
data_received,1716114480,1249.000000,,,,,,,,,default,,,,,,,
iteration_duration,1716114480,1666.179699,,,,,,,,,default,,,,,,,
iterations,1716114480,1.000000,,,,,,,,,default,,,,,,,
vus,1716114480,1.000000,,,,,,,,,,,,,,,,
vus_max,1716114480,1.000000,,,,,,,,,,,,,,,,
http_reqs,1716114480,1.000000,,,,true,,POST,http://localhost:8000/answer/,HTTP/1.1,default,,302,,,http://localhost:8000/answer/,,
http_req_duration,1716114480,686.172045,,,,true,,POST,http://localhost:8000/answer/,HTTP/1.1,default,,302,,,http://localhost:8000/answer/,,
http_req_blocked,1716114480,0.002662,,,,true,,POST,http://localhost:8000/answer/,HTTP/1.1,default,,302,,,http://localhost:8000/answer/,,
http_req_connecting,1716114480,0.000000,,,,true,,POST,http://localhost:8000/answer/,HTTP/1.1,default,,302,,,http://localhost:8000/answer/,,
http_req_tls_handshaking,1716114480,0.000000,,,,true,,POST,http://localhost:8000/answer/,HTTP/1.1,default,,302,,,http://localhost:8000/answer/,,
http_req_sending,1716114480,0.016940,,,,true,,POST,http://localhost:8000/answer/,HTTP/1.1,default,,302,,,http://localhost:8000/answer/,,
http_req_waiting,1716114480,686.025497,,,,true,,POST,http://localhost:8000/answer/,HTTP/1.1,default,,302,,,http://localhost:8000/answer/,,
http_req_receiving,1716114480,0.129608,,,,true,,POST,http://localhost:8000/answer/,HTTP/1.1,default,,302,,,http://localhost:8000/answer/,,
http_req_failed,1716114480,0.000000,,,,true,,POST,http://localhost:8000/answer/,HTTP/1.1,default,,302,,,http://localhost:8000/answer/,,
checks,1716114480,1.000000,is status 302,,,,,,,,default,,,,,,,
vus,1716114481,1.000000,,,,,,,,,,,,,,,,
vus_max,1716114481,1.000000,,,,,,,,,,,,,,,,
data_sent,1716114481,1162.000000,,,,,,,,,default,,,,,,,
data_received,1716114481,1249.000000,,,,,,,,,default,,,,,,,
iteration_duration,1716114481,1687.390885,,,,,,,,,default,,,,,,,
iterations,1716114481,1.000000,,,,,,,,,default,,,,,,,
http_reqs,1716114482,1.000000,,,,true,,POST,http://localhost:8000/answer/,HTTP/1.1,default,,302,,,http://localhost:8000/answer/,,
http_req_duration,1716114482,663.691828,,,,true,,POST,http://localhost:8000/answer/,HTTP/1.1,default,,302,,,http://localhost:8000/answer/,,
http_req_blocked,1716114482,0.002486,,,,true,,POST,http://localhost:8000/answer/,HTTP/1.1,default,,302,,,http://localhost:8000/answer/,,
http_req_connecting,1716114482,0.000000,,,,true,,POST,http://localhost:8000/answer/,HTTP/1.1,default,,302,,,http://localhost:8000/answer/,,
http_req_tls_handshaking,1716114482,0.000000,,,,true,,POST,http://localhost:8000/answer/,HTTP/1.1,default,,302,,,http://localhost:8000/answer/,,
http_req_sending,1716114482,0.017002,,,,true,,POST,http://localhost:8000/answer/,HTTP/1.1,default,,302,,,http://localhost:8000/answer/,,
http_req_waiting,1716114482,663.612242,,,,true,,POST,http://localhost:8000/answer/,HTTP/1.1,default,,302,,,http://localhost:8000/answer/,,
http_req_receiving,1716114482,0.062584,,,,true,,POST,http://localhost:8000/answer/,HTTP/1.1,default,,302,,,http://localhost:8000/answer/,,
http_req_failed,1716114482,0.000000,,,,true,,POST,http://localhost:8000/answer/,HTTP/1.1,default,,302,,,http://localhost:8000/answer/,,
checks,1716114482,1.000000,is status 302,,,,,,,,default,,,,,,,
vus,1716114482,1.000000,,,,,,,,,,,,,,,,
vus_max,1716114482,1.000000,,,,,,,,,,,,,,,,
data_sent,1716114483,1170.000000,,,,,,,,,default,,,,,,,
data_received,1716114483,1249.000000,,,,,,,,,default,,,,,,,
iteration_duration,1716114483,1665.664373,,,,,,,,,default,,,,,,,
iterations,1716114483,1.000000,,,,,,,,,default,,,,,,,
vus,1716114483,1.000000,,,,,,,,,,,,,,,,
vus_max,1716114483,1.000000,,,,,,,,,,,,,,,,
http_reqs,1716114484,1.000000,,,,true,,POST,http://localhost:8000/answer/,HTTP/1.1,default,,302,,,http://localhost:8000/answer/,,
http_req_duration,1716114484,680.845249,,,,true,,POST,http://localhost:8000/answer/,HTTP/1.1,default,,302,,,http://localhost:8000/answer/,,
http_req_blocked,1716114484,0.009004,,,,true,,POST,http://localhost:8000/answer/,HTTP/1.1,default,,302,,,http://localhost:8000/answer/,,
http_req_connecting,1716114484,0.000000,,,,true,,POST,http://localhost:8000/answer/,HTTP/1.1,default,,302,,,http://localhost:8000/answer/,,
http_req_tls_handshaking,1716114484,0.000000,,,,true,,POST,http://localhost:8000/answer/,HTTP/1.1,default,,302,,,http://localhost:8000/answer/,,
http_req_sending,1716114484,0.074700,,,,true,,POST,http://localhost:8000/answer/,HTTP/1.1,default,,302,,,http://localhost:8000/answer/,,
http_req_waiting,1716114484,680.675336,,,,true,,POST,http://localhost:8000/answer/,HTTP/1.1,default,,302,,,http://localhost:8000/answer/,,
http_req_receiving,1716114484,0.095213,,,,true,,POST,http://localhost:8000/answer/,HTTP/1.1,default,,302,,,http://localhost:8000/answer/,,
http_req_failed,1716114484,0.000000,,,,true,,POST,http://localhost:8000/answer/,HTTP/1.1,default,,302,,,http://localhost:8000/answer/,,
checks,1716114484,1.000000,is status 302,,,,,,,,default,,,,,,,
vus,1716114484,1.000000,,,,,,,,,,,,,,,,
vus_max,1716114484,1.000000,,,,,,,,,,,,,,,,
data_sent,1716114485,1170.000000,,,,,,,,,default,,,,,,,
data_received,1716114485,1249.000000,,,,,,,,,default,,,,,,,
iteration_duration,1716114485,1686.294405,,,,,,,,,default,,,,,,,
iterations,1716114485,1.000000,,,,,,,,,default,,,,,,,
vus,1716114485,1.000000,,,,,,,,,,,,,,,,
vus_max,1716114485,1.000000,,,,,,,,,,,,,,,,
http_reqs,1716114485,1.000000,,,,true,,POST,http://localhost:8000/answer/,HTTP/1.1,default,,302,,,http://localhost:8000/answer/,,
http_req_duration,1716114485,746.719366,,,,true,,POST,http://localhost:8000/answer/,HTTP/1.1,default,,302,,,http://localhost:8000/answer/,,
http_req_blocked,1716114485,0.002399,,,,true,,POST,http://localhost:8000/answer/,HTTP/1.1,default,,302,,,http://localhost:8000/answer/,,
http_req_connecting,1716114485,0.000000,,,,true,,POST,http://localhost:8000/answer/,HTTP/1.1,default,,302,,,http://localhost:8000/answer/,,
http_req_tls_handshaking,1716114485,0.000000,,,,true,,POST,http://localhost:8000/answer/,HTTP/1.1,default,,302,,,http://localhost:8000/answer/,,
http_req_sending,1716114485,0.021251,,,,true,,POST,http://localhost:8000/answer/,HTTP/1.1,default,,302,,,http://localhost:8000/answer/,,
http_req_waiting,1716114485,746.584036,,,,true,,POST,http://localhost:8000/answer/,HTTP/1.1,default,,302,,,http://localhost:8000/answer/,,
http_req_receiving,1716114485,0.114079,,,,true,,POST,http://localhost:8000/answer/,HTTP/1.1,default,,302,,,http://localhost:8000/answer/,,
http_req_failed,1716114485,0.000000,,,,true,,POST,http://localhost:8000/answer/,HTTP/1.1,default,,302,,,http://localhost:8000/answer/,,
checks,1716114485,1.000000,is status 302,,,,,,,,default,,,,,,,
vus,1716114486,1.000000,,,,,,,,,,,,,,,,
vus_max,1716114486,1.000000,,,,,,,,,,,,,,,,
data_sent,1716114486,1170.000000,,,,,,,,,default,,,,,,,
data_received,1716114486,1249.000000,,,,,,,,,default,,,,,,,
iteration_duration,1716114486,1747.903796,,,,,,,,,default,,,,,,,
iterations,1716114486,1.000000,,,,,,,,,default,,,,,,,
vus,1716114487,1.000000,,,,,,,,,,,,,,,,
vus_max,1716114487,1.000000,,,,,,,,,,,,,,,,
http_reqs,1716114487,1.000000,,,,true,,POST,http://localhost:8000/answer/,HTTP/1.1,default,,302,,,http://localhost:8000/answer/,,
http_req_duration,1716114487,788.890203,,,,true,,POST,http://localhost:8000/answer/,HTTP/1.1,default,,302,,,http://localhost:8000/answer/,,
http_req_blocked,1716114487,0.002855,,,,true,,POST,http://localhost:8000/answer/,HTTP/1.1,default,,302,,,http://localhost:8000/answer/,,
http_req_connecting,1716114487,0.000000,,,,true,,POST,http://localhost:8000/answer/,HTTP/1.1,default,,302,,,http://localhost:8000/answer/,,
http_req_tls_handshaking,1716114487,0.000000,,,,true,,POST,http://localhost:8000/answer/,HTTP/1.1,default,,302,,,http://localhost:8000/answer/,,
http_req_sending,1716114487,0.016965,,,,true,,POST,http://localhost:8000/answer/,HTTP/1.1,default,,302,,,http://localhost:8000/answer/,,
http_req_waiting,1716114487,788.810786,,,,true,,POST,http://localhost:8000/answer/,HTTP/1.1,default,,302,,,http://localhost:8000/answer/,,
http_req_receiving,1716114487,0.062452,,,,true,,POST,http://localhost:8000/answer/,HTTP/1.1,default,,302,,,http://localhost:8000/answer/,,
http_req_failed,1716114487,0.000000,,,,true,,POST,http://localhost:8000/answer/,HTTP/1.1,default,,302,,,http://localhost:8000/answer/,,
checks,1716114487,1.000000,is status 302,,,,,,,,default,,,,,,,
vus,1716114488,1.000000,,,,,,,,,,,,,,,,
vus_max,1716114488,1.000000,,,,,,,,,,,,,,,,
data_sent,1716114488,1170.000000,,,,,,,,,default,,,,,,,
data_received,1716114488,1249.000000,,,,,,,,,default,,,,,,,
iteration_duration,1716114488,1790.355939,,,,,,,,,default,,,,,,,
iterations,1716114488,1.000000,,,,,,,,,default,,,,,,,
http_reqs,1716114489,1.000000,,,,true,,POST,http://localhost:8000/answer/,HTTP/1.1,default,,302,,,http://localhost:8000/answer/,,
http_req_duration,1716114489,631.372426,,,,true,,POST,http://localhost:8000/answer/,HTTP/1.1,default,,302,,,http://localhost:8000/answer/,,
http_req_blocked,1716114489,0.002511,,,,true,,POST,http://localhost:8000/answer/,HTTP/1.1,default,,302,,,http://localhost:8000/answer/,,
http_req_connecting,1716114489,0.000000,,,,true,,POST,http://localhost:8000/answer/,HTTP/1.1,default,,302,,,http://localhost:8000/answer/,,
http_req_tls_handshaking,1716114489,0.000000,,,,true,,POST,http://localhost:8000/answer/,HTTP/1.1,default,,302,,,http://localhost:8000/answer/,,
http_req_sending,1716114489,0.016221,,,,true,,POST,http://localhost:8000/answer/,HTTP/1.1,default,,302,,,http://localhost:8000/answer/,,
http_req_waiting,1716114489,631.293143,,,,true,,POST,http://localhost:8000/answer/,HTTP/1.1,default,,302,,,http://localhost:8000/answer/,,
http_req_receiving,1716114489,0.063062,,,,true,,POST,http://localhost:8000/answer/,HTTP/1.1,default,,302,,,http://localhost:8000/answer/,,
http_req_failed,1716114489,0.000000,,,,true,,POST,http://localhost:8000/answer/,HTTP/1.1,default,,302,,,http://localhost:8000/answer/,,
checks,1716114489,1.000000,is status 302,,,,,,,,default,,,,,,,
vus,1716114489,1.000000,,,,,,,,,,,,,,,,
vus_max,1716114489,1.000000,,,,,,,,,,,,,,,,
data_sent,1716114490,1170.000000,,,,,,,,,default,,,,,,,
data_received,1716114490,1249.000000,,,,,,,,,default,,,,,,,
iteration_duration,1716114490,1632.901111,,,,,,,,,default,,,,,,,
iterations,1716114490,1.000000,,,,,,,,,default,,,,,,,
vus,1716114490,1.000000,,,,,,,,,,,,,,,,
vus_max,1716114490,1.000000,,,,,,,,,,,,,,,,
http_reqs,1716114491,1.000000,,,,true,,POST,http://localhost:8000/answer/,HTTP/1.1,default,,302,,,http://localhost:8000/answer/,,
http_req_duration,1716114491,684.191093,,,,true,,POST,http://localhost:8000/answer/,HTTP/1.1,default,,302,,,http://localhost:8000/answer/,,
http_req_blocked,1716114491,0.002750,,,,true,,POST,http://localhost:8000/answer/,HTTP/1.1,default,,302,,,http://localhost:8000/answer/,,
http_req_connecting,1716114491,0.000000,,,,true,,POST,http://localhost:8000/answer/,HTTP/1.1,default,,302,,,http://localhost:8000/answer/,,
http_req_tls_handshaking,1716114491,0.000000,,,,true,,POST,http://localhost:8000/answer/,HTTP/1.1,default,,302,,,http://localhost:8000/answer/,,
http_req_sending,1716114491,0.016859,,,,true,,POST,http://localhost:8000/answer/,HTTP/1.1,default,,302,,,http://localhost:8000/answer/,,
http_req_waiting,1716114491,684.112777,,,,true,,POST,http://localhost:8000/answer/,HTTP/1.1,default,,302,,,http://localhost:8000/answer/,,
http_req_receiving,1716114491,0.061457,,,,true,,POST,http://localhost:8000/answer/,HTTP/1.1,default,,302,,,http://localhost:8000/answer/,,
http_req_failed,1716114491,0.000000,,,,true,,POST,http://localhost:8000/answer/,HTTP/1.1,default,,302,,,http://localhost:8000/answer/,,
checks,1716114491,1.000000,is status 302,,,,,,,,default,,,,,,,
vus,1716114491,1.000000,,,,,,,,,,,,,,,,
vus_max,1716114491,1.000000,,,,,,,,,,,,,,,,
data_sent,1716114492,1170.000000,,,,,,,,,default,,,,,,,
data_received,1716114492,1249.000000,,,,,,,,,default,,,,,,,
iteration_duration,1716114492,1685.222082,,,,,,,,,default,,,,,,,
iterations,1716114492,1.000000,,,,,,,,,default,,,,,,,
vus,1716114492,1.000000,,,,,,,,,,,,,,,,
vus_max,1716114492,1.000000,,,,,,,,,,,,,,,,
http_reqs,1716114492,1.000000,,,,true,,POST,http://localhost:8000/answer/,HTTP/1.1,default,,302,,,http://localhost:8000/answer/,,
http_req_duration,1716114492,691.526020,,,,true,,POST,http://localhost:8000/answer/,HTTP/1.1,default,,302,,,http://localhost:8000/answer/,,
http_req_blocked,1716114492,0.003001,,,,true,,POST,http://localhost:8000/answer/,HTTP/1.1,default,,302,,,http://localhost:8000/answer/,,
http_req_connecting,1716114492,0.000000,,,,true,,POST,http://localhost:8000/answer/,HTTP/1.1,default,,302,,,http://localhost:8000/answer/,,
http_req_tls_handshaking,1716114492,0.000000,,,,true,,POST,http://localhost:8000/answer/,HTTP/1.1,default,,302,,,http://localhost:8000/answer/,,
http_req_sending,1716114492,0.017049,,,,true,,POST,http://localhost:8000/answer/,HTTP/1.1,default,,302,,,http://localhost:8000/answer/,,
http_req_waiting,1716114492,691.439292,,,,true,,POST,http://localhost:8000/answer/,HTTP/1.1,default,,302,,,http://localhost:8000/answer/,,
http_req_receiving,1716114492,0.069679,,,,true,,POST,http://localhost:8000/answer/,HTTP/1.1,default,,302,,,http://localhost:8000/answer/,,
http_req_failed,1716114492,0.000000,,,,true,,POST,http://localhost:8000/answer/,HTTP/1.1,default,,302,,,http://localhost:8000/answer/,,
checks,1716114492,1.000000,is status 302,,,,,,,,default,,,,,,,
vus,1716114493,1.000000,,,,,,,,,,,,,,,,
vus_max,1716114493,1.000000,,,,,,,,,,,,,,,,
data_sent,1716114493,1170.000000,,,,,,,,,default,,,,,,,
data_received,1716114493,1249.000000,,,,,,,,,default,,,,,,,
iteration_duration,1716114493,1693.602375,,,,,,,,,default,,,,,,,
iterations,1716114493,1.000000,,,,,,,,,default,,,,,,,
http_reqs,1716114494,1.000000,,,,true,,POST,http://localhost:8000/answer/,HTTP/1.1,default,,302,,,http://localhost:8000/answer/,,
http_req_duration,1716114494,763.562012,,,,true,,POST,http://localhost:8000/answer/,HTTP/1.1,default,,302,,,http://localhost:8000/answer/,,
http_req_blocked,1716114494,0.003300,,,,true,,POST,http://localhost:8000/answer/,HTTP/1.1,default,,302,,,http://localhost:8000/answer/,,
http_req_connecting,1716114494,0.000000,,,,true,,POST,http://localhost:8000/answer/,HTTP/1.1,default,,302,,,http://localhost:8000/answer/,,
http_req_tls_handshaking,1716114494,0.000000,,,,true,,POST,http://localhost:8000/answer/,HTTP/1.1,default,,302,,,http://localhost:8000/answer/,,
http_req_sending,1716114494,0.022182,,,,true,,POST,http://localhost:8000/answer/,HTTP/1.1,default,,302,,,http://localhost:8000/answer/,,
http_req_waiting,1716114494,763.404924,,,,true,,POST,http://localhost:8000/answer/,HTTP/1.1,default,,302,,,http://localhost:8000/answer/,,
http_req_receiving,1716114494,0.134906,,,,true,,POST,http://localhost:8000/answer/,HTTP/1.1,default,,302,,,http://localhost:8000/answer/,,
http_req_failed,1716114494,0.000000,,,,true,,POST,http://localhost:8000/answer/,HTTP/1.1,default,,302,,,http://localhost:8000/answer/,,
checks,1716114494,1.000000,is status 302,,,,,,,,default,,,,,,,
vus,1716114494,1.000000,,,,,,,,,,,,,,,,
vus_max,1716114494,1.000000,,,,,,,,,,,,,,,,
data_sent,1716114495,1162.000000,,,,,,,,,default,,,,,,,
data_received,1716114495,1249.000000,,,,,,,,,default,,,,,,,
iteration_duration,1716114495,1765.699337,,,,,,,,,default,,,,,,,
iterations,1716114495,1.000000,,,,,,,,,default,,,,,,,
vus,1716114495,1.000000,,,,,,,,,,,,,,,,
vus_max,1716114495,1.000000,,,,,,,,,,,,,,,,
http_reqs,1716114496,1.000000,,,,true,,POST,http://localhost:8000/answer/,HTTP/1.1,default,,302,,,http://localhost:8000/answer/,,
http_req_duration,1716114496,757.257052,,,,true,,POST,http://localhost:8000/answer/,HTTP/1.1,default,,302,,,http://localhost:8000/answer/,,
http_req_blocked,1716114496,0.008190,,,,true,,POST,http://localhost:8000/answer/,HTTP/1.1,default,,302,,,http://localhost:8000/answer/,,
http_req_connecting,1716114496,0.000000,,,,true,,POST,http://localhost:8000/answer/,HTTP/1.1,default,,302,,,http://localhost:8000/answer/,,
http_req_tls_handshaking,1716114496,0.000000,,,,true,,POST,http://localhost:8000/answer/,HTTP/1.1,default,,302,,,http://localhost:8000/answer/,,
http_req_sending,1716114496,0.065328,,,,true,,POST,http://localhost:8000/answer/,HTTP/1.1,default,,302,,,http://localhost:8000/answer/,,
http_req_waiting,1716114496,757.123327,,,,true,,POST,http://localhost:8000/answer/,HTTP/1.1,default,,302,,,http://localhost:8000/answer/,,
http_req_receiving,1716114496,0.068397,,,,true,,POST,http://localhost:8000/answer/,HTTP/1.1,default,,302,,,http://localhost:8000/answer/,,
http_req_failed,1716114496,0.000000,,,,true,,POST,http://localhost:8000/answer/,HTTP/1.1,default,,302,,,http://localhost:8000/answer/,,
checks,1716114496,1.000000,is status 302,,,,,,,,default,,,,,,,
vus,1716114496,1.000000,,,,,,,,,,,,,,,,
vus_max,1716114496,1.000000,,,,,,,,,,,,,,,,
data_sent,1716114497,1170.000000,,,,,,,,,default,,,,,,,
data_received,1716114497,1249.000000,,,,,,,,,default,,,,,,,
iteration_duration,1716114497,1763.197395,,,,,,,,,default,,,,,,,
iterations,1716114497,1.000000,,,,,,,,,default,,,,,,,
vus,1716114497,1.000000,,,,,,,,,,,,,,,,
vus_max,1716114497,1.000000,,,,,,,,,,,,,,,,
http_reqs,1716114498,1.000000,,,,true,,POST,http://localhost:8000/answer/,HTTP/1.1,default,,302,,,http://localhost:8000/answer/,,
http_req_duration,1716114498,736.491701,,,,true,,POST,http://localhost:8000/answer/,HTTP/1.1,default,,302,,,http://localhost:8000/answer/,,
http_req_blocked,1716114498,0.002970,,,,true,,POST,http://localhost:8000/answer/,HTTP/1.1,default,,302,,,http://localhost:8000/answer/,,
http_req_connecting,1716114498,0.000000,,,,true,,POST,http://localhost:8000/answer/,HTTP/1.1,default,,302,,,http://localhost:8000/answer/,,
http_req_tls_handshaking,1716114498,0.000000,,,,true,,POST,http://localhost:8000/answer/,HTTP/1.1,default,,302,,,http://localhost:8000/answer/,,
http_req_sending,1716114498,0.017303,,,,true,,POST,http://localhost:8000/answer/,HTTP/1.1,default,,302,,,http://localhost:8000/answer/,,
http_req_waiting,1716114498,736.380027,,,,true,,POST,http://localhost:8000/answer/,HTTP/1.1,default,,302,,,http://localhost:8000/answer/,,
http_req_receiving,1716114498,0.094371,,,,true,,POST,http://localhost:8000/answer/,HTTP/1.1,default,,302,,,http://localhost:8000/answer/,,
http_req_failed,1716114498,0.000000,,,,true,,POST,http://localhost:8000/answer/,HTTP/1.1,default,,302,,,http://localhost:8000/answer/,,
checks,1716114498,1.000000,is status 302,,,,,,,,default,,,,,,,
vus,1716114498,1.000000,,,,,,,,,,,,,,,,
vus_max,1716114498,1.000000,,,,,,,,,,,,,,,,
data_sent,1716114499,1170.000000,,,,,,,,,default,,,,,,,
data_received,1716114499,1249.000000,,,,,,,,,default,,,,,,,
iteration_duration,1716114499,1737.996846,,,,,,,,,default,,,,,,,
iterations,1716114499,1.000000,,,,,,,,,default,,,,,,,
vus,1716114499,1.000000,,,,,,,,,,,,,,,,
vus_max,1716114499,1.000000,,,,,,,,,,,,,,,,
http_reqs,1716114499,1.000000,,,,true,,POST,http://localhost:8000/answer/,HTTP/1.1,default,,302,,,http://localhost:8000/answer/,,
http_req_duration,1716114499,765.984295,,,,true,,POST,http://localhost:8000/answer/,HTTP/1.1,default,,302,,,http://localhost:8000/answer/,,
http_req_blocked,1716114499,0.003153,,,,true,,POST,http://localhost:8000/answer/,HTTP/1.1,default,,302,,,http://localhost:8000/answer/,,
http_req_connecting,1716114499,0.000000,,,,true,,POST,http://localhost:8000/answer/,HTTP/1.1,default,,302,,,http://localhost:8000/answer/,,
http_req_tls_handshaking,1716114499,0.000000,,,,true,,POST,http://localhost:8000/answer/,HTTP/1.1,default,,302,,,http://localhost:8000/answer/,,
http_req_sending,1716114499,0.021722,,,,true,,POST,http://localhost:8000/answer/,HTTP/1.1,default,,302,,,http://localhost:8000/answer/,,
http_req_waiting,1716114499,765.894865,,,,true,,POST,http://localhost:8000/answer/,HTTP/1.1,default,,302,,,http://localhost:8000/answer/,,
http_req_receiving,1716114499,0.067708,,,,true,,POST,http://localhost:8000/answer/,HTTP/1.1,default,,302,,,http://localhost:8000/answer/,,
http_req_failed,1716114499,0.000000,,,,true,,POST,http://localhost:8000/answer/,HTTP/1.1,default,,302,,,http://localhost:8000/answer/,,
checks,1716114499,1.000000,is status 302,,,,,,,,default,,,,,,,
vus,1716114500,1.000000,,,,,,,,,,,,,,,,
vus_max,1716114500,1.000000,,,,,,,,,,,,,,,,
data_sent,1716114500,1170.000000,,,,,,,,,default,,,,,,,
data_received,1716114500,1249.000000,,,,,,,,,default,,,,,,,
iteration_duration,1716114500,1767.629618,,,,,,,,,default,,,,,,,
iterations,1716114500,1.000000,,,,,,,,,default,,,,,,,
vus,1716114501,1.000000,,,,,,,,,,,,,,,,
vus_max,1716114501,1.000000,,,,,,,,,,,,,,,,
http_reqs,1716114501,1.000000,,,,true,,POST,http://localhost:8000/answer/,HTTP/1.1,default,,302,,,http://localhost:8000/answer/,,
http_req_duration,1716114501,988.191748,,,,true,,POST,http://localhost:8000/answer/,HTTP/1.1,default,,302,,,http://localhost:8000/answer/,,
http_req_blocked,1716114501,0.002428,,,,true,,POST,http://localhost:8000/answer/,HTTP/1.1,default,,302,,,http://localhost:8000/answer/,,
http_req_connecting,1716114501,0.000000,,,,true,,POST,http://localhost:8000/answer/,HTTP/1.1,default,,302,,,http://localhost:8000/answer/,,
http_req_tls_handshaking,1716114501,0.000000,,,,true,,POST,http://localhost:8000/answer/,HTTP/1.1,default,,302,,,http://localhost:8000/answer/,,
http_req_sending,1716114501,0.016872,,,,true,,POST,http://localhost:8000/answer/,HTTP/1.1,default,,302,,,http://localhost:8000/answer/,,
http_req_waiting,1716114501,988.104859,,,,true,,POST,http://localhost:8000/answer/,HTTP/1.1,default,,302,,,http://localhost:8000/answer/,,
http_req_receiving,1716114501,0.070017,,,,true,,POST,http://localhost:8000/answer/,HTTP/1.1,default,,302,,,http://localhost:8000/answer/,,
http_req_failed,1716114501,0.000000,,,,true,,POST,http://localhost:8000/answer/,HTTP/1.1,default,,302,,,http://localhost:8000/answer/,,
checks,1716114501,1.000000,is status 302,,,,,,,,default,,,,,,,
vus,1716114502,1.000000,,,,,,,,,,,,,,,,
vus_max,1716114502,1.000000,,,,,,,,,,,,,,,,
data_sent,1716114502,1170.000000,,,,,,,,,default,,,,,,,
data_received,1716114502,1249.000000,,,,,,,,,default,,,,,,,
iteration_duration,1716114502,1989.944171,,,,,,,,,default,,,,,,,
iterations,1716114502,1.000000,,,,,,,,,default,,,,,,,
vus,1716114503,1.000000,,,,,,,,,,,,,,,,
vus_max,1716114503,1.000000,,,,,,,,,,,,,,,,
http_reqs,1716114503,1.000000,,,,true,,POST,http://localhost:8000/answer/,HTTP/1.1,default,,302,,,http://localhost:8000/answer/,,
http_req_duration,1716114503,895.544537,,,,true,,POST,http://localhost:8000/answer/,HTTP/1.1,default,,302,,,http://localhost:8000/answer/,,
http_req_blocked,1716114503,0.002639,,,,true,,POST,http://localhost:8000/answer/,HTTP/1.1,default,,302,,,http://localhost:8000/answer/,,
http_req_connecting,1716114503,0.000000,,,,true,,POST,http://localhost:8000/answer/,HTTP/1.1,default,,302,,,http://localhost:8000/answer/,,
http_req_tls_handshaking,1716114503,0.000000,,,,true,,POST,http://localhost:8000/answer/,HTTP/1.1,default,,302,,,http://localhost:8000/answer/,,
http_req_sending,1716114503,0.020213,,,,true,,POST,http://localhost:8000/answer/,HTTP/1.1,default,,302,,,http://localhost:8000/answer/,,
http_req_waiting,1716114503,895.433403,,,,true,,POST,http://localhost:8000/answer/,HTTP/1.1,default,,302,,,http://localhost:8000/answer/,,
http_req_receiving,1716114503,0.090921,,,,true,,POST,http://localhost:8000/answer/,HTTP/1.1,default,,302,,,http://localhost:8000/answer/,,
http_req_failed,1716114503,0.000000,,,,true,,POST,http://localhost:8000/answer/,HTTP/1.1,default,,302,,,http://localhost:8000/answer/,,
checks,1716114503,1.000000,is status 302,,,,,,,,default,,,,,,,
vus,1716114504,1.000000,,,,,,,,,,,,,,,,
vus_max,1716114504,1.000000,,,,,,,,,,,,,,,,
data_sent,1716114504,1170.000000,,,,,,,,,default,,,,,,,
data_received,1716114504,1249.000000,,,,,,,,,default,,,,,,,
iteration_duration,1716114504,1897.672475,,,,,,,,,default,,,,,,,
iterations,1716114504,1.000000,,,,,,,,,default,,,,,,,
http_reqs,1716114505,1.000000,,,,true,,POST,http://localhost:8000/answer/,HTTP/1.1,default,,302,,,http://localhost:8000/answer/,,
http_req_duration,1716114505,717.303984,,,,true,,POST,http://localhost:8000/answer/,HTTP/1.1,default,,302,,,http://localhost:8000/answer/,,
http_req_blocked,1716114505,0.009134,,,,true,,POST,http://localhost:8000/answer/,HTTP/1.1,default,,302,,,http://localhost:8000/answer/,,
http_req_connecting,1716114505,0.000000,,,,true,,POST,http://localhost:8000/answer/,HTTP/1.1,default,,302,,,http://localhost:8000/answer/,,
http_req_tls_handshaking,1716114505,0.000000,,,,true,,POST,http://localhost:8000/answer/,HTTP/1.1,default,,302,,,http://localhost:8000/answer/,,
http_req_sending,1716114505,0.058222,,,,true,,POST,http://localhost:8000/answer/,HTTP/1.1,default,,302,,,http://localhost:8000/answer/,,
http_req_waiting,1716114505,717.127096,,,,true,,POST,http://localhost:8000/answer/,HTTP/1.1,default,,302,,,http://localhost:8000/answer/,,
http_req_receiving,1716114505,0.118666,,,,true,,POST,http://localhost:8000/answer/,HTTP/1.1,default,,302,,,http://localhost:8000/answer/,,
http_req_failed,1716114505,0.000000,,,,true,,POST,http://localhost:8000/answer/,HTTP/1.1,default,,302,,,http://localhost:8000/answer/,,
checks,1716114505,1.000000,is status 302,,,,,,,,default,,,,,,,
vus,1716114505,1.000000,,,,,,,,,,,,,,,,
vus_max,1716114505,1.000000,,,,,,,,,,,,,,,,
data_sent,1716114506,1170.000000,,,,,,,,,default,,,,,,,
data_received,1716114506,1249.000000,,,,,,,,,default,,,,,,,
iteration_duration,1716114506,1722.229332,,,,,,,,,default,,,,,,,
iterations,1716114506,1.000000,,,,,,,,,default,,,,,,,
vus,1716114506,1.000000,,,,,,,,,,,,,,,,
vus_max,1716114506,1.000000,,,,,,,,,,,,,,,,
http_reqs,1716114507,1.000000,,,,true,,POST,http://localhost:8000/answer/,HTTP/1.1,default,,302,,,http://localhost:8000/answer/,,
http_req_duration,1716114507,737.444643,,,,true,,POST,http://localhost:8000/answer/,HTTP/1.1,default,,302,,,http://localhost:8000/answer/,,
http_req_blocked,1716114507,0.008075,,,,true,,POST,http://localhost:8000/answer/,HTTP/1.1,default,,302,,,http://localhost:8000/answer/,,
http_req_connecting,1716114507,0.000000,,,,true,,POST,http://localhost:8000/answer/,HTTP/1.1,default,,302,,,http://localhost:8000/answer/,,
http_req_tls_handshaking,1716114507,0.000000,,,,true,,POST,http://localhost:8000/answer/,HTTP/1.1,default,,302,,,http://localhost:8000/answer/,,
http_req_sending,1716114507,0.057748,,,,true,,POST,http://localhost:8000/answer/,HTTP/1.1,default,,302,,,http://localhost:8000/answer/,,
http_req_waiting,1716114507,737.321181,,,,true,,POST,http://localhost:8000/answer/,HTTP/1.1,default,,302,,,http://localhost:8000/answer/,,
http_req_receiving,1716114507,0.065714,,,,true,,POST,http://localhost:8000/answer/,HTTP/1.1,default,,302,,,http://localhost:8000/answer/,,
http_req_failed,1716114507,0.000000,,,,true,,POST,http://localhost:8000/answer/,HTTP/1.1,default,,302,,,http://localhost:8000/answer/,,
checks,1716114507,1.000000,is status 302,,,,,,,,default,,,,,,,
vus,1716114507,1.000000,,,,,,,,,,,,,,,,
vus_max,1716114507,1.000000,,,,,,,,,,,,,,,,
data_sent,1716114508,1162.000000,,,,,,,,,default,,,,,,,
data_received,1716114508,1249.000000,,,,,,,,,default,,,,,,,
iteration_duration,1716114508,1742.746184,,,,,,,,,default,,,,,,,
iterations,1716114508,1.000000,,,,,,,,,default,,,,,,,
vus,1716114508,1.000000,,,,,,,,,,,,,,,,
vus_max,1716114508,1.000000,,,,,,,,,,,,,,,,
http_reqs,1716114508,1.000000,,,,true,,POST,http://localhost:8000/answer/,HTTP/1.1,default,,302,,,http://localhost:8000/answer/,,
http_req_duration,1716114508,755.765617,,,,true,,POST,http://localhost:8000/answer/,HTTP/1.1,default,,302,,,http://localhost:8000/answer/,,
http_req_blocked,1716114508,0.003908,,,,true,,POST,http://localhost:8000/answer/,HTTP/1.1,default,,302,,,http://localhost:8000/answer/,,
http_req_connecting,1716114508,0.000000,,,,true,,POST,http://localhost:8000/answer/,HTTP/1.1,default,,302,,,http://localhost:8000/answer/,,
http_req_tls_handshaking,1716114508,0.000000,,,,true,,POST,http://localhost:8000/answer/,HTTP/1.1,default,,302,,,http://localhost:8000/answer/,,
http_req_sending,1716114508,0.023601,,,,true,,POST,http://localhost:8000/answer/,HTTP/1.1,default,,302,,,http://localhost:8000/answer/,,
http_req_waiting,1716114508,755.683505,,,,true,,POST,http://localhost:8000/answer/,HTTP/1.1,default,,302,,,http://localhost:8000/answer/,,
http_req_receiving,1716114508,0.058511,,,,true,,POST,http://localhost:8000/answer/,HTTP/1.1,default,,302,,,http://localhost:8000/answer/,,
http_req_failed,1716114508,0.000000,,,,true,,POST,http://localhost:8000/answer/,HTTP/1.1,default,,302,,,http://localhost:8000/answer/,,
checks,1716114508,1.000000,is status 302,,,,,,,,default,,,,,,,
vus,1716114509,1.000000,,,,,,,,,,,,,,,,
vus_max,1716114509,1.000000,,,,,,,,,,,,,,,,
data_sent,1716114509,1170.000000,,,,,,,,,default,,,,,,,
data_received,1716114509,1249.000000,,,,,,,,,default,,,,,,,
iteration_duration,1716114509,1759.144806,,,,,,,,,default,,,,,,,
iterations,1716114509,1.000000,,,,,,,,,default,,,,,,,
vus,1716114510,1.000000,,,,,,,,,,,,,,,,
vus_max,1716114510,1.000000,,,,,,,,,,,,,,,,
http_reqs,1716114510,1.000000,,,,true,,POST,http://localhost:8000/answer/,HTTP/1.1,default,,302,,,http://localhost:8000/answer/,,
http_req_duration,1716114510,846.979048,,,,true,,POST,http://localhost:8000/answer/,HTTP/1.1,default,,302,,,http://localhost:8000/answer/,,
http_req_blocked,1716114510,0.002779,,,,true,,POST,http://localhost:8000/answer/,HTTP/1.1,default,,302,,,http://localhost:8000/answer/,,
http_req_connecting,1716114510,0.000000,,,,true,,POST,http://localhost:8000/answer/,HTTP/1.1,default,,302,,,http://localhost:8000/answer/,,
http_req_tls_handshaking,1716114510,0.000000,,,,true,,POST,http://localhost:8000/answer/,HTTP/1.1,default,,302,,,http://localhost:8000/answer/,,
http_req_sending,1716114510,0.017745,,,,true,,POST,http://localhost:8000/answer/,HTTP/1.1,default,,302,,,http://localhost:8000/answer/,,
http_req_waiting,1716114510,846.868580,,,,true,,POST,http://localhost:8000/answer/,HTTP/1.1,default,,302,,,http://localhost:8000/answer/,,
http_req_receiving,1716114510,0.092723,,,,true,,POST,http://localhost:8000/answer/,HTTP/1.1,default,,302,,,http://localhost:8000/answer/,,
http_req_failed,1716114510,0.000000,,,,true,,POST,http://localhost:8000/answer/,HTTP/1.1,default,,302,,,http://localhost:8000/answer/,,
checks,1716114510,1.000000,is status 302,,,,,,,,default,,,,,,,
vus,1716114511,1.000000,,,,,,,,,,,,,,,,
vus_max,1716114511,1.000000,,,,,,,,,,,,,,,,
data_sent,1716114511,1162.000000,,,,,,,,,default,,,,,,,
data_received,1716114511,1249.000000,,,,,,,,,default,,,,,,,
iteration_duration,1716114511,1847.981803,,,,,,,,,default,,,,,,,
iterations,1716114511,1.000000,,,,,,,,,default,,,,,,,
